Workbook

Sheet Plantilla
A1: ordre_zona | B1: zona | C1: ordre_parametre | D1: parametre | E1: fecha_mostra | F1: valor | G1: unitat | H1: limit_min | I1: limit_max | J1: num_muestra | K1: punto_lims_elegido | L1: tipo_punto | M1: denominacion_lims | N1: fecha_finalizacion
A2: 1 | B2: ZONA PEIRÓ | C2: 1 | D2: Microbiologia | E2: 46104.375 | F2: Correcte | G2: Correcte / Incorrecte | J2: 9155880 | K2: PEIRÓ. Xarxa Peirò A - Font de la Pica | L2: Xarxa | M2: PEIRÓ. Xarxa Peirò A - Font de la Pica | N2: 07-04-26
A3: 1 | B3: ZONA PEIRÓ | C3: 2 | D3: Organolèptic | E3: 46104.375 | F3: Correcte | G3: Correcte / Incorrecte | J3: 9155880 | K3: PEIRÓ. Xarxa Peirò A - Font de la Pica | L3: Xarxa | M3: PEIRÓ. Xarxa Peirò A - Font de la Pica | N3: 07-04-26
A4: 1 | B4: ZONA PEIRÓ | C4: 3 | D4: pH | E4: 46104.375 | F4: 7.6 | G4: U. pH. | H4: 6.9 | I4: 9.5 | J4: 9155880 | K4: PEIRÓ. Xarxa Peirò A - Font de la Pica | L4: Xarxa | M4: PEIRÓ. Xarxa Peirò A - Font de la Pica | N4: 07-04-26
A5: 1 | B5: ZONA PEIRÓ | C5: 4 | D5: Conductivitat | E5: 46104.375 | F5: 449 | G5: µS/cm | I5: 2500 | J5: 9155880 | K5: PEIRÓ. Xarxa Peirò A - Font de la Pica | L5: Xarxa | M5: PEIRÓ. Xarxa Peirò A - Font de la Pica | N5: 07-04-26
A6: 1 | B6: ZONA PEIRÓ | C6: 5 | D6: Terbolesa | E6: 46104.375 | F6: < 0.20 | G6: UNF | I6: 5 | J6: 9155880 | K6: PEIRÓ. Xarxa Peirò A - Font de la Pica | L6: Xarxa | M6: PEIRÓ. Xarxa Peirò A - Font de la Pica | N6: 07-04-26
A7: 1 | B7: ZONA PEIRÓ | C7: 6 | D7: Clor lliure | E7: 46104.375 | F7: 0.58 | G7: mg/L | I7: 1 | J7: 9155880 | K7: PEIRÓ. Xarxa Peirò A - Font de la Pica | L7: Xarxa | M7: PEIRÓ. Xarxa Peirò A - Font de la Pica | N7: 07-04-26
A8: 1 | B8: ZONA PEIRÓ | C8: 7 | D8: Duresa | E8: 46051.385 | F8: 160.3 | G8: mg/L CaCo3 | I8: 500 | J8: 8891861 | K8: PEIRÓ. Xarxa Peirò A - Font de la Pica | L8: Xarxa | M8: PEIRÓ. Xarxa Peirò A - Font de la Pica | N8: 46069
A9: 1 | B9: ZONA PEIRÓ | C9: 8 | D9: Clorurs | E9: 46051.385 | F9: 23.3 | G9: mg/L | I9: 250 | J9: 8891861 | K9: PEIRÓ. Xarxa Peirò A - Font de la Pica | L9: Xarxa | M9: PEIRÓ. Xarxa Peirò A - Font de la Pica | N9: 46069
A10: 1 | B10: ZONA PEIRÓ | C10: 9 | D10: Nitrats | E10: 46051.385 | F10: < 0.5 | G10: mg/L | I10: 50 | J10: 8891861 | K10: PEIRÓ. Xarxa Peirò A - Font de la Pica | L10: Xarxa | M10: PEIRÓ. Xarxa Peirò A - Font de la Pica | N10: 46069
A11: 2 | B11: ZONA CREUS | C11: 1 | D11: Microbiologia | E11: 46077.417 | F11: Correcte | G11: Correcte / Incorrecte | J11: 9155878 | K11: CREUS. Xarxa Creus B - Centre d'atenció primària (Mont-Roig) | L11: Xarxa | M11: CREUS. Xarxa Creus B - Centre d'atenció primària (Mont-Roig) | N11: 46084
A12: 2 | B12: ZONA CREUS | C12: 2 | D12: Organolèptic | E12: 46077.417 | F12: Correcte | G12: Correcte / Incorrecte | J12: 9155878 | K12: CREUS. Xarxa Creus B - Centre d'atenció primària (Mont-Roig) | L12: Xarxa | M12: CREUS. Xarxa Creus B - Centre d'atenció primària (Mont-Roig) | N12: 46084
A13: 2 | B13: ZONA CREUS | C13: 3 | D13: pH | E13: 46077.417 | F13: 7.8 | G13: U. pH. | H13: 6.9 | I13: 9.5 | J13: 9155878 | K13: CREUS. Xarxa Creus B - Centre d'atenció primària (Mont-Roig) | L13: Xarxa | M13: CREUS. Xarxa Creus B - Centre d'atenció primària (Mont-Roig) | N13: 46084
A14: 2 | B14: ZONA CREUS | C14: 4 | D14: Conductivitat | E14: 46077.417 | F14: 594 | G14: µS/cm | I14: 2500 | J14: 9155878 | K14: CREUS. Xarxa Creus B - Centre d'atenció primària (Mont-Roig) | L14: Xarxa | M14: CREUS. Xarxa Creus B - Centre d'atenció primària (Mont-Roig) | N14: 46084
A15: 2 | B15: ZONA CREUS | C15: 5 | D15: Terbolesa | E15: 46077.417 | F15: < 0.20 | G15: UNF | I15: 5 | J15: 9155878 | K15: CREUS. Xarxa Creus B - Centre d'atenció primària (Mont-Roig) | L15: Xarxa | M15: CREUS. Xarxa Creus B - Centre d'atenció primària (Mont-Roig) | N15: 46084
A16: 2 | B16: ZONA CREUS | C16: 6 | D16: Clor lliure | E16: 46077.417 | F16: 0.57 | G16: mg/L | I16: 1 | J16: 9155878 | K16: CREUS. Xarxa Creus B - Centre d'atenció primària (Mont-Roig) | L16: Xarxa | M16: CREUS. Xarxa Creus B - Centre d'atenció primària (Mont-Roig) | N16: 46084
A17: 2 | B17: ZONA CREUS | C17: 7 | D17: Duresa | E17: 46051.399 | F17: 234.4 | G17: mg/L CaCo3 | I17: 500 | J17: 8891862 | K17: CREUS. Xarxa Creus B - Centre d'atenció primària (Mont-Roig) | L17: Xarxa | M17: CREUS. Xarxa Creus B - Centre d'atenció primària (Mont-Roig) | N17: 46072
A18: 2 | B18: ZONA CREUS | C18: 8 | D18: Clorurs | E18: 46051.399 | F18: 36.1 | G18: mg/L CaCo3 | I18: 250 | J18: 8891862 | K18: CREUS. Xarxa Creus B - Centre d'atenció primària (Mont-Roig) | L18: Xarxa | M18: CREUS. Xarxa Creus B - Centre d'atenció primària (Mont-Roig) | N18: 46072
A19: 2 | B19: ZONA CREUS | C19: 9 | D19: Nitrats | E19: 46051.399 | F19: 36.8 | G19: mg/L CaCo3 | I19: 50 | J19: 8891862 | K19: CREUS. Xarxa Creus B - Centre d'atenció primària (Mont-Roig) | L19: Xarxa | M19: CREUS. Xarxa Creus B - Centre d'atenció primària (Mont-Roig) | N19: 46072
A20: 3 | B20: ZONA ERMITA | C20: 1 | D20: Microbiologia | E20: 46099.406 | F20: Correcte | G20: mg/L CaCo3 | J20: 9188273 | K20: ERMITA. Dipòsit Ermita | L20: Dipòsit | M20: ERMITA. Dipòsit Ermita | N20: 46113
A21: 3 | B21: ZONA ERMITA | C21: 2 | D21: Organolèptic | E21: 46099.406 | F21: Correcte | G21: mg/L CaCo3 | J21: 9188273 | K21: ERMITA. Dipòsit Ermita | L21: Dipòsit | M21: ERMITA. Dipòsit Ermita | N21: 46113
A22: 3 | B22: ZONA ERMITA | C22: 3 | D22: pH | E22: 46099.406 | F22: 7.5 | G22: mg/L CaCo3 | H22: 6.9 | I22: 9.5 | J22: 9188273 | K22: ERMITA. Dipòsit Ermita | L22: Dipòsit | M22: ERMITA. Dipòsit Ermita | N22: 46113
A23: 3 | B23: ZONA ERMITA | C23: 4 | D23: Conductivitat | E23: 46099.406 | F23: 671 | G23: mg/L CaCo3 | I23: 2500 | J23: 9188273 | K23: ERMITA. Dipòsit Ermita | L23: Dipòsit | M23: ERMITA. Dipòsit Ermita | N23: 46113
A24: 3 | B24: ZONA ERMITA | C24: 5 | D24: Terbolesa | E24: 46099.406 | F24: 1.22 | G24: mg/L CaCo3 | I24: 5 | J24: 9188273 | K24: ERMITA. Dipòsit Ermita | L24: Dipòsit | M24: ERMITA. Dipòsit Ermita | N24: 46113
A25: 3 | B25: ZONA ERMITA | C25: 6 | D25: Clor lliure | E25: 46099.406 | F25: 0.21 | G25: mg/L CaCo3 | I25: 1 | J25: 9188273 | K25: ERMITA. Dipòsit Ermita | L25: Dipòsit | M25: ERMITA. Dipòsit Ermita | N25: 46113
A26: 3 | B26: ZONA ERMITA | C26: 7 | D26: Duresa | E26: 45833 | F26: 248.7 | G26: mg/L CaCo3 | I26: 500 | J26: 8891839 | K26: ERMITA. Dipòsit Ermita | L26: Dipòsit | M26: ERMITA. Dipòsit Ermita | N26: 45861
A27: 3 | B27: ZONA ERMITA | C27: 8 | D27: Clorurs | E27: 46090 | F27: 38.81 | G27: mg/L CaCo3 | I27: 250 | J27: 8874958 | K27: ERMITA. Pou Ermita | L27: Pou | M27: ERMITA. Pou Ermita | N27: 46100
A28: 3 | B28: ZONA ERMITA | C28: 9 | D28: Nitrats | E28: 46090 | F28: < 0.50 | G28: mg/L CaCo3 | I28: 50 | J28: 8874958 | K28: ERMITA. Pou Ermita | L28: Pou | M28: ERMITA. Pou Ermita | N28: 46100
A29: 4 | B29: ZONA CLUB MONT-ROIG | C29: 1 | D29: Microbiologia | E29: 46104.358 | F29: Correcte | G29: mg/L CaCo3 | J29: 9155881 | K29: CLUB MONT-ROIG. Xarxa Club Mont-roig A - Font Parc del Club Mont-roig | L29: Xarxa | M29: CLUB MONT-ROIG. Xarxa Club Mont-roig A - Font Parc del Club Mont-roig | N29: 46113
A30: 4 | B30: ZONA CLUB MONT-ROIG | C30: 2 | D30: Organolèptic | E30: 46104.358 | F30: Correcte | G30: mg/L CaCo3 | J30: 9155881 | K30: CLUB MONT-ROIG. Xarxa Club Mont-roig A - Font Parc del Club Mont-roig | L30: Xarxa | M30: CLUB MONT-ROIG. Xarxa Club Mont-roig A - Font Parc del Club Mont-roig | N30: 46113
A31: 4 | B31: ZONA CLUB MONT-ROIG | C31: 3 | D31: pH | E31: 46104.358 | F31: 7.7 | G31: mg/L CaCo3 | H31: 6.9 | I31: 9.5 | J31: 9155881 | K31: CLUB MONT-ROIG. Xarxa Club Mont-roig A - Font Parc del Club Mont-roig | L31: Xarxa | M31: CLUB MONT-ROIG. Xarxa Club Mont-roig A - Font Parc del Club Mont-roig | N31: 46113
A32: 4 | B32: ZONA CLUB MONT-ROIG | C32: 4 | D32: Conductivitat | E32: 46104.358 | F32: 518 | G32: mg/L CaCo3 | I32: 2500 | J32: 9155881 | K32: CLUB MONT-ROIG. Xarxa Club Mont-roig A - Font Parc del Club Mont-roig | L32: Xarxa | M32: CLUB MONT-ROIG. Xarxa Club Mont-roig A - Font Parc del Club Mont-roig | N32: 46113
A33: 4 | B33: ZONA CLUB MONT-ROIG | C33: 5 | D33: Terbolesa | E33: 46104.358 | F33: < 0.20 | G33: mg/L CaCo3 | I33: 5 | J33: 9155881 | K33: CLUB MONT-ROIG. Xarxa Club Mont-roig A - Font Parc del Club Mont-roig | L33: Xarxa | M33: CLUB MONT-ROIG. Xarxa Club Mont-roig A - Font Parc del Club Mont-roig | N33: 46113
A34: 4 | B34: ZONA CLUB MONT-ROIG | C34: 6 | D34: Clor lliure | E34: 46104.358 | F34: 0.23 | G34: mg/L CaCo3 | I34: 1 | J34: 9155881 | K34: CLUB MONT-ROIG. Xarxa Club Mont-roig A - Font Parc del Club Mont-roig | L34: Xarxa | M34: CLUB MONT-ROIG. Xarxa Club Mont-roig A - Font Parc del Club Mont-roig | N34: 46113
A35: 4 | B35: ZONA CLUB MONT-ROIG | C35: 7 | D35: Duresa | E35: 46052.375 | F35: 220.9 | G35: mg/L CaCo3 | I35: 500 | J35: 8891863 | K35: CLUB MONT-ROIG. Xarxa Club Mont-roig A - Font Parc del Club Mont-roig | L35: Xarxa | M35: CLUB MONT-ROIG. Xarxa Club Mont-roig A - Font Parc del Club Mont-roig | N35: 46072
A36: 4 | B36: ZONA CLUB MONT-ROIG | C36: 8 | D36: Clorurs | E36: 46052.375 | F36: 34.6 | G36: mg/L CaCo3 | I36: 250 | J36: 8891863 | K36: CLUB MONT-ROIG. Xarxa Club Mont-roig A - Font Parc del Club Mont-roig | L36: Xarxa | M36: CLUB MONT-ROIG. Xarxa Club Mont-roig A - Font Parc del Club Mont-roig | N36: 46072
A37: 4 | B37: ZONA CLUB MONT-ROIG | C37: 9 | D37: Nitrats | E37: 46052.375 | F37: 37.7 | G37: mg/L CaCo3 | I37: 50 | J37: 8891863 | K37: CLUB MONT-ROIG. Xarxa Club Mont-roig A - Font Parc del Club Mont-roig | L37: Xarxa | M37: CLUB MONT-ROIG. Xarxa Club Mont-roig A - Font Parc del Club Mont-roig | N37: 46072
A38: 5 | B38: ZONA BADIA-MAINOU-JARDINS-BALNEARI | C38: 1 | D38: Microbiologia | E38: 46106.396 | F38: Correcte | G38: mg/L CaCo3 | J38: 9155882 | K38: MONT-ROIG BADIA-MAINOU-JARDINS PARADÍS-RUSTICAL BALNEARI. Xarxa Badia Rustical Balneari B- Font | L38: Xarxa | M38: MONT-ROIG BADIA-MAINOU-JARDINS PARADÍS-RUSTICAL BALNEARI. Xarxa Badia Rustical Balneari B- Font | N38: 46119
A39: 5 | B39: ZONA BADIA-MAINOU-JARDINS-BALNEARI | C39: 2 | D39: Organolèptic | E39: 46106.396 | F39: Correcte | G39: mg/L CaCo3 | J39: 9155882 | K39: MONT-ROIG BADIA-MAINOU-JARDINS PARADÍS-RUSTICAL BALNEARI. Xarxa Badia Rustical Balneari B- Font | L39: Xarxa | M39: MONT-ROIG BADIA-MAINOU-JARDINS PARADÍS-RUSTICAL BALNEARI. Xarxa Badia Rustical Balneari B- Font | N39: 46119
A40: 5 | B40: ZONA BADIA-MAINOU-JARDINS-BALNEARI | C40: 3 | D40: pH | E40: 46106.396 | F40: 7.9 | G40: mg/L CaCo3 | H40: 6.9 | I40: 9.5 | J40: 9155882 | K40: MONT-ROIG BADIA-MAINOU-JARDINS PARADÍS-RUSTICAL BALNEARI. Xarxa Badia Rustical Balneari B- Font | L40: Xarxa | M40: MONT-ROIG BADIA-MAINOU-JARDINS PARADÍS-RUSTICAL BALNEARI. Xarxa Badia Rustical Balneari B- Font | N40: 46119
A41: 5 | B41: ZONA BADIA-MAINOU-JARDINS-BALNEARI | C41: 4 | D41: Conductivitat | E41: 46106.396 | F41: 505 | G41: mg/L CaCo3 | I41: 2500 | J41: 9155882 | K41: MONT-ROIG BADIA-MAINOU-JARDINS PARADÍS-RUSTICAL BALNEARI. Xarxa Badia Rustical Balneari B- Font | L41: Xarxa | M41: MONT-ROIG BADIA-MAINOU-JARDINS PARADÍS-RUSTICAL BALNEARI. Xarxa Badia Rustical Balneari B- Font | N41: 46119
A42: 5 | B42: ZONA BADIA-MAINOU-JARDINS-BALNEARI | C42: 5 | D42: Terbolesa | E42: 46106.396 | F42: 0.67 | G42: mg/L CaCo3 | I42: 5 | J42: 9155882 | K42: MONT-ROIG BADIA-MAINOU-JARDINS PARADÍS-RUSTICAL BALNEARI. Xarxa Badia Rustical Balneari B- Font | L42: Xarxa | M42: MONT-ROIG BADIA-MAINOU-JARDINS PARADÍS-RUSTICAL BALNEARI. Xarxa Badia Rustical Balneari B- Font | N42: 46119
A43: 5 | B43: ZONA BADIA-MAINOU-JARDINS-BALNEARI | C43: 6 | D43: Clor lliure | E43: 46106.396 | F43: 0.60 | G43: mg/L CaCo3 | I43: 1 | J43: 9155882 | K43: MONT-ROIG BADIA-MAINOU-JARDINS PARADÍS-RUSTICAL BALNEARI. Xarxa Badia Rustical Balneari B- Font | L43: Xarxa | M43: MONT-ROIG BADIA-MAINOU-JARDINS PARADÍS-RUSTICAL BALNEARI. Xarxa Badia Rustical Balneari B- Font | N43: 46119
A44: 5 | B44: ZONA BADIA-MAINOU-JARDINS-BALNEARI | C44: 7 | D44: Duresa | E44: 46052.458 | F44: 198.5 | G44: mg/L CaCo3 | I44: 500 | J44: 8891869 | K44: MONT-ROIG BADIA-MAINOU-JARDINS PARADÍS-RUSTICAL BALNEARI. Xarxa Badia Rustical Balneari B- Font | L44: Xarxa | M44: MONT-ROIG BADIA-MAINOU-JARDINS PARADÍS-RUSTICAL BALNEARI. Xarxa Badia Rustical Balneari B- Font | N44: 46072
A45: 5 | B45: ZONA BADIA-MAINOU-JARDINS-BALNEARI | C45: 8 | D45: Clorurs | E45: 46052.458 | F45: 36.9 | G45: mg/L CaCo3 | I45: 250 | J45: 8891869 | K45: MONT-ROIG BADIA-MAINOU-JARDINS PARADÍS-RUSTICAL BALNEARI. Xarxa Badia Rustical Balneari B- Font | L45: Xarxa | M45: MONT-ROIG BADIA-MAINOU-JARDINS PARADÍS-RUSTICAL BALNEARI. Xarxa Badia Rustical Balneari B- Font | N45: 46072
A46: 5 | B46: ZONA BADIA-MAINOU-JARDINS-BALNEARI | C46: 9 | D46: Nitrats | E46: 46052.458 | F46: 35.1 | G46: mg/L CaCo3 | I46: 50 | J46: 8891869 | K46: MONT-ROIG BADIA-MAINOU-JARDINS PARADÍS-RUSTICAL BALNEARI. Xarxa Badia Rustical Balneari B- Font | L46: Xarxa | M46: MONT-ROIG BADIA-MAINOU-JARDINS PARADÍS-RUSTICAL BALNEARI. Xarxa Badia Rustical Balneari B- Font | N46: 46072
A47: 6 | B47: ZONA SANT MIQUEL-RUSTICAL | C47: 1 | D47: Microbiologia | E47: 46106.34 | F47: Correcte | G47: mg/L CaCo3 | J47: 9155883 | K47: SANT MIQUEL - RUSTICAL MONT-ROIG. Xarxa Sant Miquel - Rustical Mont-roig D - EBAR Rustical | L47: Xarxa | M47: SANT MIQUEL - RUSTICAL MONT-ROIG. Xarxa Sant Miquel - Rustical Mont-roig D - EBAR Rustical | N47: 46119
A48: 6 | B48: ZONA SANT MIQUEL-RUSTICAL | C48: 2 | D48: Organolèptic | E48: 46106.34 | F48: Correcte | G48: mg/L CaCo3 | J48: 9155883 | K48: SANT MIQUEL - RUSTICAL MONT-ROIG. Xarxa Sant Miquel - Rustical Mont-roig D - EBAR Rustical | L48: Xarxa | M48: SANT MIQUEL - RUSTICAL MONT-ROIG. Xarxa Sant Miquel - Rustical Mont-roig D - EBAR Rustical | N48: 46119
A49: 6 | B49: ZONA SANT MIQUEL-RUSTICAL | C49: 3 | D49: pH | E49: 46106.34 | F49: 7.6 | G49: mg/L CaCo3 | H49: 6.9 | I49: 9.5 | J49: 9155883 | K49: SANT MIQUEL - RUSTICAL MONT-ROIG. Xarxa Sant Miquel - Rustical Mont-roig D - EBAR Rustical | L49: Xarxa | M49: SANT MIQUEL - RUSTICAL MONT-ROIG. Xarxa Sant Miquel - Rustical Mont-roig D - EBAR Rustical | N49: 46119
A50: 6 | B50: ZONA SANT MIQUEL-RUSTICAL | C50: 4 | D50: Conductivitat | E50: 46106.34 | F50: 1842 | G50: mg/L CaCo3 | I50: 2500 | J50: 9155883 | K50: SANT MIQUEL - RUSTICAL MONT-ROIG. Xarxa Sant Miquel - Rustical Mont-roig D - EBAR Rustical | L50: Xarxa | M50: SANT MIQUEL - RUSTICAL MONT-ROIG. Xarxa Sant Miquel - Rustical Mont-roig D - EBAR Rustical | N50: 46119
A51: 6 | B51: ZONA SANT MIQUEL-RUSTICAL | C51: 5 | D51: Terbolesa | E51: 46106.34 | F51: 0.73 | G51: mg/L CaCo3 | I51: 5 | J51: 9155883 | K51: SANT MIQUEL - RUSTICAL MONT-ROIG. Xarxa Sant Miquel - Rustical Mont-roig D - EBAR Rustical | L51: Xarxa | M51: SANT MIQUEL - RUSTICAL MONT-ROIG. Xarxa Sant Miquel - Rustical Mont-roig D - EBAR Rustical | N51: 46119
A52: 6 | B52: ZONA SANT MIQUEL-RUSTICAL | C52: 6 | D52: Clor lliure | E52: 46106.34 | F52: 0.38 | G52: mg/L CaCo3 | I52: 1 | J52: 9155883 | K52: SANT MIQUEL - RUSTICAL MONT-ROIG. Xarxa Sant Miquel - Rustical Mont-roig D - EBAR Rustical | L52: Xarxa | M52: SANT MIQUEL - RUSTICAL MONT-ROIG. Xarxa Sant Miquel - Rustical Mont-roig D - EBAR Rustical | N52: 46119
A53: 6 | B53: ZONA SANT MIQUEL-RUSTICAL | C53: 7 | D53: Duresa | E53: 46077 | F53: 722.8 | G53: mg/L CaCo3 | I53: 500 | J53: 9501322 | K53: SANT MIQUEL - RUSTICAL MONT-ROIG . Xarxa Sant Miquel Rustical Mont-roig C - Font 1 Parc Rustical Mon | L53: Xarxa | M53: SANT MIQUEL - RUSTICAL MONT-ROIG . Xarxa Sant Miquel Rustical Mont-roig C - Font 1 Parc Rustical Mon | N53: 46092
A54: 6 | B54: ZONA SANT MIQUEL-RUSTICAL | C54: 8 | D54: Clorurs | E54: 46077 | F54: 581.29 | G54: mg/L CaCo3 | I54: 250 | J54: 9501322 | K54: SANT MIQUEL - RUSTICAL MONT-ROIG . Xarxa Sant Miquel Rustical Mont-roig C - Font 1 Parc Rustical Mon | L54: Xarxa | M54: SANT MIQUEL - RUSTICAL MONT-ROIG . Xarxa Sant Miquel Rustical Mont-roig C - Font 1 Parc Rustical Mon | N54: 46092
A55: 6 | B55: ZONA SANT MIQUEL-RUSTICAL | C55: 9 | D55: Nitrats | E55: 46052.417 | F55: 14.1 | G55: mg/L CaCo3 | I55: 50 | J55: 8891864 | K55: SANT MIQUEL - RUSTICAL MONT-ROIG . Xarxa Sant Miquel Rustical Mont-roig C - Font 1 Parc Rustical Mon | L55: Xarxa | M55: SANT MIQUEL - RUSTICAL MONT-ROIG . Xarxa Sant Miquel Rustical Mont-roig C - Font 1 Parc Rustical Mon | N55: 46072
A56: 7 | B56: ZONA MASOS-GUARDAMAR-RIBERA | C56: 1 | D56: Microbiologia | E56: 46106.323 | F56: Correcte | G56: mg/L CaCo3 | J56: 9155884 | K56: MASOS-GUARDAMAR-RIVIERA. Xarxa Masos - Guardamar - Riviera D - Entrada dipòsit Guardamar | L56: Xarxa | M56: MASOS-GUARDAMAR-RIVIERA. Xarxa Masos - Guardamar - Riviera D - Entrada dipòsit Guardamar | N56: 46119
A57: 7 | B57: ZONA MASOS-GUARDAMAR-RIBERA | C57: 2 | D57: Organolèptic | E57: 46106.323 | F57: Correcte | G57: mg/L CaCo3 | J57: 9155884 | K57: MASOS-GUARDAMAR-RIVIERA. Xarxa Masos - Guardamar - Riviera D - Entrada dipòsit Guardamar | L57: Xarxa | M57: MASOS-GUARDAMAR-RIVIERA. Xarxa Masos - Guardamar - Riviera D - Entrada dipòsit Guardamar | N57: 46119
A58: 7 | B58: ZONA MASOS-GUARDAMAR-RIBERA | C58: 3 | D58: pH | E58: 46106.323 | F58: 7.7 | G58: mg/L CaCo3 | H58: 6.9 | I58: 9.5 | J58: 9155884 | K58: MASOS-GUARDAMAR-RIVIERA. Xarxa Masos - Guardamar - Riviera D - Entrada dipòsit Guardamar | L58: Xarxa | M58: MASOS-GUARDAMAR-RIVIERA. Xarxa Masos - Guardamar - Riviera D - Entrada dipòsit Guardamar | N58: 46119
A59: 7 | B59: ZONA MASOS-GUARDAMAR-RIBERA | C59: 4 | D59: Conductivitat | E59: 46106.323 | F59: 770 | G59: mg/L CaCo3 | I59: 2500 | J59: 9155884 | K59: MASOS-GUARDAMAR-RIVIERA. Xarxa Masos - Guardamar - Riviera D - Entrada dipòsit Guardamar | L59: Xarxa | M59: MASOS-GUARDAMAR-RIVIERA. Xarxa Masos - Guardamar - Riviera D - Entrada dipòsit Guardamar | N59: 46119
A60: 7 | B60: ZONA MASOS-GUARDAMAR-RIBERA | C60: 5 | D60: Terbolesa | E60: 46106.323 | F60: < 0.20 | G60: mg/L CaCo3 | I60: 5 | J60: 9155884 | K60: MASOS-GUARDAMAR-RIVIERA. Xarxa Masos - Guardamar - Riviera D - Entrada dipòsit Guardamar | L60: Xarxa | M60: MASOS-GUARDAMAR-RIVIERA. Xarxa Masos - Guardamar - Riviera D - Entrada dipòsit Guardamar | N60: 46119
A61: 7 | B61: ZONA MASOS-GUARDAMAR-RIBERA | C61: 6 | D61: Clor lliure | E61: 46106.323 | F61: 0.50 | G61: mg/L CaCo3 | I61: 1 | J61: 9155884 | K61: MASOS-GUARDAMAR-RIVIERA. Xarxa Masos - Guardamar - Riviera D - Entrada dipòsit Guardamar | L61: Xarxa | M61: MASOS-GUARDAMAR-RIVIERA. Xarxa Masos - Guardamar - Riviera D - Entrada dipòsit Guardamar | N61: 46119
A62: 7 | B62: ZONA MASOS-GUARDAMAR-RIBERA | C62: 7 | D62: Duresa | E62: 45931 | F62: 399.5 | G62: mg/L CaCo3 | I62: 500 | J62: 8891852 | K62: MASOS D'EN BLADER-PINOS MIRAMAR-GUARDAMAR-RIVIERA. Dipòsit Masos (Mont-roig) | L62: Dipòsit | M62: MASOS D'EN BLADER-PINOS MIRAMAR-GUARDAMAR-RIVIERA. Dipòsit Masos (Mont-roig) | N62: 45960
A63: 7 | B63: ZONA MASOS-GUARDAMAR-RIBERA | C63: 8 | D63: Clorurs | E63: 46099 | F63: 74.5 | G63: mg/L CaCo3 | I63: 250 | J63: 8874956 | K63: MASOS - GUARDAMAR -RIVIERA. Pou Masos 01 | L63: Pou | M63: MASOS D'EN BLADER-PINOS MIRAMAR-GUARDAMAR-RIVIERA. Dipòsit Masos (Mont-roig) | N63: 46108
A64: 7 | B64: ZONA MASOS-GUARDAMAR-RIBERA | C64: 9 | D64: Nitrats | E64: 46099 | F64: 18.2 | G64: mg/L CaCo3 | I64: 50 | J64: 8874956 | K64: MASOS - GUARDAMAR -RIVIERA. Pou Masos 01 | L64: Pou | M64: MASOS D'EN BLADER-PINOS MIRAMAR-GUARDAMAR-RIVIERA. Dipòsit Masos (Mont-roig) | N64: 46108
A65: 8 | B65: ZONA PINS DE MIRAMAR | C65: 1 | D65: Microbiologia | E65: 46052.431 | F65: Correcte | G65: mg/L CaCo3 | J65: 9155877 | K65: PINS DE MIRAMAR. Xarxa Pins de Miramar B -Font del parc Pins de miramar | L65: Xarxa | M65: MASOS D'EN BLADER-PINOS MIRAMAR-GUARDAMAR-RIVIERA. Dipòsit Masos (Mont-roig) | N65: 46058
A66: 8 | B66: ZONA PINS DE MIRAMAR | C66: 2 | D66: Organolèptic | E66: 46052.431 | F66: Correcte | G66: mg/L CaCo3 | J66: 9155877 | K66: PINS DE MIRAMAR. Xarxa Pins de Miramar B -Font del parc Pins de miramar | L66: Xarxa | M66: MASOS D'EN BLADER-PINOS MIRAMAR-GUARDAMAR-RIVIERA. Dipòsit Masos (Mont-roig) | N66: 46058
A67: 8 | B67: ZONA PINS DE MIRAMAR | C67: 3 | D67: pH | E67: 46052.431 | F67: 7.2 | G67: mg/L CaCo3 | H67: 6.9 | I67: 9.5 | J67: 9155877 | K67: PINS DE MIRAMAR. Xarxa Pins de Miramar B -Font del parc Pins de miramar | L67: Xarxa | M67: MASOS D'EN BLADER-PINOS MIRAMAR-GUARDAMAR-RIVIERA. Dipòsit Masos (Mont-roig) | N67: 46058
A68: 8 | B68: ZONA PINS DE MIRAMAR | C68: 4 | D68: Conductivitat | E68: 46052.431 | F68: 1847 | G68: mg/L CaCo3 | I68: 2500 | J68: 9155877 | K68: PINS DE MIRAMAR. Xarxa Pins de Miramar B -Font del parc Pins de miramar | L68: Xarxa | M68: MASOS D'EN BLADER-PINOS MIRAMAR-GUARDAMAR-RIVIERA. Dipòsit Masos (Mont-roig) | N68: 46058
A69: 8 | B69: ZONA PINS DE MIRAMAR | C69: 5 | D69: Terbolesa | E69: 46052.431 | F69: < 0.20 | G69: mg/L CaCo3 | I69: 5 | J69: 9155877 | K69: PINS DE MIRAMAR. Xarxa Pins de Miramar B -Font del parc Pins de miramar | L69: Xarxa | M69: MASOS D'EN BLADER-PINOS MIRAMAR-GUARDAMAR-RIVIERA. Dipòsit Masos (Mont-roig) | N69: 46058
A70: 8 | B70: ZONA PINS DE MIRAMAR | C70: 6 | D70: Clor lliure | E70: 46052.431 | F70: 0.40 | G70: mg/L CaCo3 | I70: 1 | J70: 9155877 | K70: PINS DE MIRAMAR. Xarxa Pins de Miramar B -Font del parc Pins de miramar | L70: Xarxa | M70: MASOS D'EN BLADER-PINOS MIRAMAR-GUARDAMAR-RIVIERA. Dipòsit Masos (Mont-roig) | N70: 46058
A71: 8 | B71: ZONA PINS DE MIRAMAR | C71: 7 | D71: Duresa | E71: 45931 | F71: 399.5 | G71: mg/L CaCo3 | I71: 500 | J71: 8891852 | K71: MASOS D'EN BLADER-PINOS MIRAMAR-GUARDAMAR-RIVIERA. Dipòsit Masos (Mont-roig) | L71: Dipòsit | M71: MASOS D'EN BLADER-PINOS MIRAMAR-GUARDAMAR-RIVIERA. Dipòsit Masos (Mont-roig) | N71: 45960
A72: 8 | B72: ZONA PINS DE MIRAMAR | C72: 8 | D72: Clorurs | E72: 46099 | F72: 522.8 | G72: mg/L CaCo3 | I72: 250 | J72: 8874957 | K72: PINS DE MIRAMAR. Pou Pins de Miramar | L72: Pou | M72: PINS DE MIRAMAR. Pou Pins de Miramar | N72: 46114
A73: 8 | B73: ZONA PINS DE MIRAMAR | C73: 9 | D73: Nitrats | E73: 46099 | F73: 17.6 | G73: mg/L CaCo3 | I73: 50 | J73: 8874957 | K73: PINS DE MIRAMAR. Pou Pins de Miramar | L73: Pou | M73: PINS DE MIRAMAR. Pou Pins de Miramar | N73: 46114
A74: 9 | B74: ZONA SOLEMIO | C74: 1 | D74: Microbiologia | E74: 46106.354 | F74: Correcte | G74: mg/L CaCo3 | J74: 9155885 | K74: SOLEMIO . Xarxa Solemio E - Font del Parc Solemio. | L74: Xarxa | M74: SOLEMIO . Xarxa Solemio E - Font del Parc Solemio. | N74: 46119
A75: 9 | B75: ZONA SOLEMIO | C75: 2 | D75: Organolèptic | E75: 46106.354 | F75: Correcte | G75: mg/L CaCo3 | J75: 9155885 | K75: SOLEMIO . Xarxa Solemio E - Font del Parc Solemio. | L75: Xarxa | M75: SOLEMIO . Xarxa Solemio E - Font del Parc Solemio. | N75: 46119
A76: 9 | B76: ZONA SOLEMIO | C76: 3 | D76: pH | E76: 46106.354 | F76: 7.4 | G76: mg/L CaCo3 | H76: 6.9 | I76: 9.5 | J76: 9155885 | K76: SOLEMIO . Xarxa Solemio E - Font del Parc Solemio. | L76: Xarxa | M76: SOLEMIO . Xarxa Solemio E - Font del Parc Solemio. | N76: 46119
A77: 9 | B77: ZONA SOLEMIO | C77: 4 | D77: Conductivitat | E77: 46106.354 | F77: 1847 | G77: mg/L CaCo3 | I77: 2500 | J77: 9155885 | K77: SOLEMIO . Xarxa Solemio E - Font del Parc Solemio. | L77: Xarxa | M77: SOLEMIO . Xarxa Solemio E - Font del Parc Solemio. | N77: 46119
A78: 9 | B78: ZONA SOLEMIO | C78: 5 | D78: Terbolesa | E78: 46106.354 | F78: < 0.20 | G78: mg/L CaCo3 | I78: 5 | J78: 9155885 | K78: SOLEMIO . Xarxa Solemio E - Font del Parc Solemio. | L78: Xarxa | M78: SOLEMIO . Xarxa Solemio E - Font del Parc Solemio. | N78: 46119
A79: 9 | B79: ZONA SOLEMIO | C79: 6 | D79: Clor lliure | E79: 46106.354 | F79: 0.48 | G79: mg/L CaCo3 | I79: 1 | J79: 9155885 | K79: SOLEMIO . Xarxa Solemio E - Font del Parc Solemio. | L79: Xarxa | M79: SOLEMIO . Xarxa Solemio E - Font del Parc Solemio. | N79: 46119
A80: 9 | B80: ZONA SOLEMIO | C80: 7 | D80: Duresa | E80: 46076.354 | F80: 601.8 | G80: mg/L CaCo3 | I80: 500 | J80: 8891867 | K80: SOLEMIO . Xarxa Solemio E - Font del Parc Solemio. | L80: Xarxa | M80: SOLEMIO . Xarxa Solemio E - Font del Parc Solemio. | N80: 46099
A81: 9 | B81: ZONA SOLEMIO | C81: 8 | D81: Clorurs | E81: 46076.354 | F81: 471.33 | G81: mg/L CaCo3 | I81: 250 | J81: 8891867 | K81: SOLEMIO . Xarxa Solemio E - Font del Parc Solemio. | L81: Xarxa | M81: SOLEMIO . Xarxa Solemio E - Font del Parc Solemio. | N81: 46099
A82: 9 | B82: ZONA SOLEMIO | C82: 9 | D82: Nitrats | E82: 46076.354 | F82: 26.95 | G82: mg/L CaCo3 | I82: 50 | J82: 8891867 | K82: SOLEMIO . Xarxa Solemio E - Font del Parc Solemio. | L82: Xarxa | M82: SOLEMIO . Xarxa Solemio E - Font del Parc Solemio. | N82: 46099
A83: 10 | B83: ZONA MIAMI PLATJA | C83: 1 | D83: Microbiologia | E83: 46106.375 | F83: Correcte | G83: mg/L CaCo3 | J83: 9188274 | K83: MIAMI PLATJA. Xarxa Miami A - Font 1 Església Miami | L83: Xarxa | M83: MIAMI PLATJA. Xarxa Miami A - Font 1 Església Miami | N83: 46119
A84: 10 | B84: ZONA MIAMI PLATJA | C84: 2 | D84: Organolèptic | E84: 46106.375 | F84: Correcte | G84: mg/L CaCo3 | J84: 9188274 | K84: MIAMI PLATJA. Xarxa Miami A - Font 1 Església Miami | L84: Xarxa | M84: MIAMI PLATJA. Xarxa Miami A - Font 1 Església Miami | N84: 46119
A85: 10 | B85: ZONA MIAMI PLATJA | C85: 3 | D85: pH | E85: 46106.375 | F85: 7.7 | G85: mg/L CaCo3 | H85: 6.9 | I85: 9.5 | J85: 9188274 | K85: MIAMI PLATJA. Xarxa Miami A - Font 1 Església Miami | L85: Xarxa | M85: MIAMI PLATJA. Xarxa Miami A - Font 1 Església Miami | N85: 46119
A86: 10 | B86: ZONA MIAMI PLATJA | C86: 4 | D86: Conductivitat | E86: 46106.375 | F86: 343 | G86: mg/L CaCo3 | I86: 2500 | J86: 9188274 | K86: MIAMI PLATJA. Xarxa Miami A - Font 1 Església Miami | L86: Xarxa | M86: MIAMI PLATJA. Xarxa Miami A - Font 1 Església Miami | N86: 46119
A87: 10 | B87: ZONA MIAMI PLATJA | C87: 5 | D87: Terbolesa | E87: 46106.375 | F87: < 0.20 | G87: mg/L CaCo3 | I87: 5 | J87: 9188274 | K87: MIAMI PLATJA. Xarxa Miami A - Font 1 Església Miami | L87: Xarxa | M87: MIAMI PLATJA. Xarxa Miami A - Font 1 Església Miami | N87: 46119
A88: 10 | B88: ZONA MIAMI PLATJA | C88: 6 | D88: Clor lliure | E88: 46106.375 | F88: 0.42 | G88: mg/L CaCo3 | I88: 1 | J88: 9188274 | K88: MIAMI PLATJA. Xarxa Miami A - Font 1 Església Miami | L88: Xarxa | M88: MIAMI PLATJA. Xarxa Miami A - Font 1 Església Miami | N88: 46119
A89: 10 | B89: ZONA MIAMI PLATJA | C89: 7 | D89: Duresa | E89: 46076.444 | F89: 674.9 | G89: mg/L CaCo3 | I89: 500 | J89: 8891876 | K89: MIAMI PLATJA. Xarxa Miami E - Font 5 Plaça Jaen | L89: Xarxa | M89: MIAMI PLATJA. Xarxa Miami E - Font 5 Plaça Jaen | N89: 46099
A90: 10 | B90: ZONA MIAMI PLATJA | C90: 8 | D90: Clorurs | E90: 46076.444 | F90: 646.06 | G90: mg/L CaCo3 | I90: 250 | J90: 8891876 | K90: MIAMI PLATJA. Xarxa Miami E - Font 5 Plaça Jaen | L90: Xarxa | M90: MIAMI PLATJA. Xarxa Miami E - Font 5 Plaça Jaen | N90: 46099
A91: 10 | B91: ZONA MIAMI PLATJA | C91: 9 | D91: Nitrats | E91: 46076.444 | F91: 21.18 | G91: mg/L CaCo3 | I91: 50 | J91: 8891876 | K91: MIAMI PLATJA. Xarxa Miami E - Font 5 Plaça Jaen | L91: Xarxa | M91: MIAMI PLATJA. Xarxa Miami E - Font 5 Plaça Jaen | N91: 46099
A92: 11 | B92: ZONA COSTA ZÈFIR | C92: 1 | D92: Microbiologia | E92: 46071.351 | F92: Correcte | G92: mg/L CaCo3 | J92: 9188264 | K92: COSTA ZÈFIR. Xarxa Costa Zèfir A - Font Parc Costa Zèfir | L92: Xarxa | M92: COSTA ZÈFIR. Xarxa Costa Zèfir A - Font Parc Costa Zèfir | N92: 46078
A93: 11 | B93: ZONA COSTA ZÈFIR | C93: 2 | D93: Organolèptic | E93: 46071.351 | F93: Correcte | G93: mg/L CaCo3 | J93: 9188264 | K93: COSTA ZÈFIR. Xarxa Costa Zèfir A - Font Parc Costa Zèfir | L93: Xarxa | M93: COSTA ZÈFIR. Xarxa Costa Zèfir A - Font Parc Costa Zèfir | N93: 46078
A94: 11 | B94: ZONA COSTA ZÈFIR | C94: 3 | D94: pH | E94: 46071.351 | F94: 7.7 | G94: mg/L CaCo3 | H94: 6.9 | I94: 9.5 | J94: 9188264 | K94: COSTA ZÈFIR. Xarxa Costa Zèfir A - Font Parc Costa Zèfir | L94: Xarxa | M94: COSTA ZÈFIR. Xarxa Costa Zèfir A - Font Parc Costa Zèfir | N94: 46078
A95: 11 | B95: ZONA COSTA ZÈFIR | C95: 4 | D95: Conductivitat | E95: 46071.351 | F95: 1696 | G95: mg/L CaCo3 | I95: 2500 | J95: 9188264 | K95: COSTA ZÈFIR. Xarxa Costa Zèfir A - Font Parc Costa Zèfir | L95: Xarxa | M95: COSTA ZÈFIR. Xarxa Costa Zèfir A - Font Parc Costa Zèfir | N95: 46078
A96: 11 | B96: ZONA COSTA ZÈFIR | C96: 5 | D96: Terbolesa | E96: 46071.351 | F96: < 0.20 | G96: mg/L CaCo3 | I96: 5 | J96: 9188264 | K96: COSTA ZÈFIR. Xarxa Costa Zèfir A - Font Parc Costa Zèfir | L96: Xarxa | M96: COSTA ZÈFIR. Xarxa Costa Zèfir A - Font Parc Costa Zèfir | N96: 46078
A97: 11 | B97: ZONA COSTA ZÈFIR | C97: 6 | D97: Clor lliure | E97: 46071.351 | F97: 0.45 | G97: mg/L CaCo3 | I97: 1 | J97: 9188264 | K97: COSTA ZÈFIR. Xarxa Costa Zèfir A - Font Parc Costa Zèfir | L97: Xarxa | M97: COSTA ZÈFIR. Xarxa Costa Zèfir A - Font Parc Costa Zèfir | N97: 46078
A98: 11 | B98: ZONA COSTA ZÈFIR | C98: 7 | D98: Duresa | E98: 45929 | F98: 622.0 | G98: mg/L CaCo3 | I98: 500 | J98: 8891583 | K98: COSTA ZÈFIR. Dipòsit Costa Zèfir | L98: Dipòsit | M98: COSTA ZÈFIR. Dipòsit Costa Zèfir | N98: 45958
A99: 11 | B99: ZONA COSTA ZÈFIR | C99: 8 | D99: Clorurs | E99: 46099 | F99: 390.3 | G99: mg/L CaCo3 | I99: 250 | J99: 8874961 | K99: COSTA ZÈFIR. Pou Costa Zèfir | L99: Pou | M99: COSTA ZÈFIR. Pou Costa Zèfir | N99: 46108
A100: 11 | B100: ZONA COSTA ZÈFIR | C100: 9 | D100: Nitrats | E100: 46099 | F100: 9.7 | G100: mg/L CaCo3 | I100: 50 | J100: 8874961 | K100: COSTA ZÈFIR. Pou Costa Zèfir | L100: Pou | M100: COSTA ZÈFIR. Pou Costa Zèfir | N100: 46108
...

Sheet resultats 15042026
A2: zona | B2: data_mostra | C2: parametre | D2: valor | E2: unitat | F2: limit_min | G2: limit_max
A3: =Plantilla!B2 -> ZONA PEIRÓ | B3: =Plantilla!E2 -> 46104.375 | C3: =Plantilla!D2 -> Microbiologia | D3: =Plantilla!F2 -> Correcte | E3: =Plantilla!G2 -> Correcte / Incorrecte
A4: =Plantilla!B3 -> ZONA PEIRÓ | B4: =Plantilla!E3 -> 46104.375 | C4: =Plantilla!D3 -> Organolèptic | D4: =Plantilla!F3 -> Correcte | E4: =Plantilla!G3 -> Correcte / Incorrecte
A5: =Plantilla!B4 -> ZONA PEIRÓ | B5: =Plantilla!E4 -> 46104.375 | C5: =Plantilla!D4 -> pH | D5: =Plantilla!F4 -> 7.6 | E5: =Plantilla!G4 -> U. pH. | F5: =Plantilla!H4 -> 6.9 | G5: =Plantilla!I4 -> 9.5
A6: =Plantilla!B5 -> ZONA PEIRÓ | B6: =Plantilla!E5 -> 46104.375 | C6: =Plantilla!D5 -> Conductivitat | D6: =Plantilla!F5 -> 449 | E6: =Plantilla!G5 -> µS/cm | G6: =Plantilla!I5 -> 2500
A7: =Plantilla!B6 -> ZONA PEIRÓ | B7: =Plantilla!E6 -> 46104.375 | C7: =Plantilla!D6 -> Terbolesa | D7: =Plantilla!F6 -> < 0.20 | E7: =Plantilla!G6 -> UNF | G7: =Plantilla!I6 -> 5
A8: =Plantilla!B7 -> ZONA PEIRÓ | B8: =Plantilla!E7 -> 46104.375 | C8: =Plantilla!D7 -> Clor lliure | D8: =Plantilla!F7 -> 0.58 | E8: =Plantilla!G7 -> mg/L | G8: =Plantilla!I7 -> 1
A9: =Plantilla!B8 -> ZONA PEIRÓ | B9: =Plantilla!E8 -> 46051.385 | C9: =Plantilla!D8 -> Duresa | D9: =Plantilla!F8 -> 160.3 | E9: =Plantilla!G8 -> mg/L CaCo3 | G9: =Plantilla!I8 -> 500
A10: =Plantilla!B9 -> ZONA PEIRÓ | B10: =Plantilla!E9 -> 46051.385 | C10: =Plantilla!D9 -> Clorurs | D10: =Plantilla!F9 -> 23.3 | E10: =Plantilla!G9 -> mg/L | G10: =Plantilla!I9 -> 250
A11: =Plantilla!B10 -> ZONA PEIRÓ | B11: =Plantilla!E10 -> 46051.385 | C11: =Plantilla!D10 -> Nitrats | D11: =Plantilla!F10 -> < 0.5 | E11: =Plantilla!G10 -> mg/L | G11: =Plantilla!I10 -> 50
A12: =Plantilla!B11 -> ZONA CREUS | B12: =Plantilla!E11 -> 46077.417 | C12: =Plantilla!D11 -> Microbiologia | D12: =Plantilla!F11 -> Correcte | E12: =Plantilla!G11 -> Correcte / Incorrecte
A13: =Plantilla!B12 -> ZONA CREUS | B13: =Plantilla!E12 -> 46077.417 | C13: =Plantilla!D12 -> Organolèptic | D13: =Plantilla!F12 -> Correcte | E13: =Plantilla!G12 -> Correcte / Incorrecte
A14: =Plantilla!B13 -> ZONA CREUS | B14: =Plantilla!E13 -> 46077.417 | C14: =Plantilla!D13 -> pH | D14: =Plantilla!F13 -> 7.8 | E14: =Plantilla!G13 -> U. pH. | F14: =Plantilla!H13 -> 6.9 | G14: =Plantilla!I13 -> 9.5
A15: =Plantilla!B14 -> ZONA CREUS | B15: =Plantilla!E14 -> 46077.417 | C15: =Plantilla!D14 -> Conductivitat | D15: =Plantilla!F14 -> 594 | E15: =Plantilla!G14 -> µS/cm | G15: =Plantilla!I14 -> 2500
A16: =Plantilla!B15 -> ZONA CREUS | B16: =Plantilla!E15 -> 46077.417 | C16: =Plantilla!D15 -> Terbolesa | D16: =Plantilla!F15 -> < 0.20 | E16: =Plantilla!G15 -> UNF | G16: =Plantilla!I15 -> 5
A17: =Plantilla!B16 -> ZONA CREUS | B17: =Plantilla!E16 -> 46077.417 | C17: =Plantilla!D16 -> Clor lliure | D17: =Plantilla!F16 -> 0.57 | E17: =Plantilla!G16 -> mg/L | G17: =Plantilla!I16 -> 1
A18: =Plantilla!B17 -> ZONA CREUS | B18: =Plantilla!E17 -> 46051.399 | C18: =Plantilla!D17 -> Duresa | D18: =Plantilla!F17 -> 234.4 | E18: =Plantilla!G17 -> mg/L CaCo3 | G18: =Plantilla!I17 -> 500
A19: =Plantilla!B18 -> ZONA CREUS | B19: =Plantilla!E18 -> 46051.399 | C19: =Plantilla!D18 -> Clorurs | D19: =Plantilla!F18 -> 36.1 | E19: =Plantilla!G18 -> mg/L CaCo3 | G19: =Plantilla!I18 -> 250
A20: =Plantilla!B19 -> ZONA CREUS | B20: =Plantilla!E19 -> 46051.399 | C20: =Plantilla!D19 -> Nitrats | D20: =Plantilla!F19 -> 36.8 | E20: =Plantilla!G19 -> mg/L CaCo3 | G20: =Plantilla!I19 -> 50
A21: =Plantilla!B20 -> ZONA ERMITA | B21: =Plantilla!E20 -> 46099.406 | C21: =Plantilla!D20 -> Microbiologia | D21: =Plantilla!F20 -> Correcte | E21: =Plantilla!G20 -> mg/L CaCo3
A22: =Plantilla!B21 -> ZONA ERMITA | B22: =Plantilla!E21 -> 46099.406 | C22: =Plantilla!D21 -> Organolèptic | D22: =Plantilla!F21 -> Correcte | E22: =Plantilla!G21 -> mg/L CaCo3
A23: =Plantilla!B22 -> ZONA ERMITA | B23: =Plantilla!E22 -> 46099.406 | C23: =Plantilla!D22 -> pH | D23: =Plantilla!F22 -> 7.5 | E23: =Plantilla!G22 -> mg/L CaCo3 | F23: =Plantilla!H22 -> 6.9 | G23: =Plantilla!I22 -> 9.5
A24: =Plantilla!B23 -> ZONA ERMITA | B24: =Plantilla!E23 -> 46099.406 | C24: =Plantilla!D23 -> Conductivitat | D24: =Plantilla!F23 -> 671 | E24: =Plantilla!G23 -> mg/L CaCo3 | G24: =Plantilla!I23 -> 2500
A25: =Plantilla!B24 -> ZONA ERMITA | B25: =Plantilla!E24 -> 46099.406 | C25: =Plantilla!D24 -> Terbolesa | D25: =Plantilla!F24 -> 1.22 | E25: =Plantilla!G24 -> mg/L CaCo3 | G25: =Plantilla!I24 -> 5
A26: =Plantilla!B25 -> ZONA ERMITA | B26: =Plantilla!E25 -> 46099.406 | C26: =Plantilla!D25 -> Clor lliure | D26: =Plantilla!F25 -> 0.21 | E26: =Plantilla!G25 -> mg/L CaCo3 | G26: =Plantilla!I25 -> 1
A27: =Plantilla!B26 -> ZONA ERMITA | B27: =Plantilla!E26 -> 45833 | C27: =Plantilla!D26 -> Duresa | D27: =Plantilla!F26 -> 248.7 | E27: =Plantilla!G26 -> mg/L CaCo3 | G27: =Plantilla!I26 -> 500
A28: =Plantilla!B27 -> ZONA ERMITA | B28: =Plantilla!E27 -> 46090 | C28: =Plantilla!D27 -> Clorurs | D28: =Plantilla!F27 -> 38.81 | E28: =Plantilla!G27 -> mg/L CaCo3 | G28: =Plantilla!I27 -> 250
A29: =Plantilla!B28 -> ZONA ERMITA | B29: =Plantilla!E28 -> 46090 | C29: =Plantilla!D28 -> Nitrats | D29: =Plantilla!F28 -> < 0.50 | E29: =Plantilla!G28 -> mg/L CaCo3 | G29: =Plantilla!I28 -> 50
A30: =Plantilla!B29 -> ZONA CLUB MONT-ROIG | B30: =Plantilla!E29 -> 46104.358 | C30: =Plantilla!D29 -> Microbiologia | D30: =Plantilla!F29 -> Correcte | E30: =Plantilla!G29 -> mg/L CaCo3
A31: =Plantilla!B30 -> ZONA CLUB MONT-ROIG | B31: =Plantilla!E30 -> 46104.358 | C31: =Plantilla!D30 -> Organolèptic | D31: =Plantilla!F30 -> Correcte | E31: =Plantilla!G30 -> mg/L CaCo3
A32: =Plantilla!B31 -> ZONA CLUB MONT-ROIG | B32: =Plantilla!E31 -> 46104.358 | C32: =Plantilla!D31 -> pH | D32: =Plantilla!F31 -> 7.7 | E32: =Plantilla!G31 -> mg/L CaCo3 | F32: =Plantilla!H31 -> 6.9 | G32: =Plantilla!I31 -> 9.5
A33: =Plantilla!B32 -> ZONA CLUB MONT-ROIG | B33: =Plantilla!E32 -> 46104.358 | C33: =Plantilla!D32 -> Conductivitat | D33: =Plantilla!F32 -> 518 | E33: =Plantilla!G32 -> mg/L CaCo3 | G33: =Plantilla!I32 -> 2500
A34: =Plantilla!B33 -> ZONA CLUB MONT-ROIG | B34: =Plantilla!E33 -> 46104.358 | C34: =Plantilla!D33 -> Terbolesa | D34: =Plantilla!F33 -> < 0.20 | E34: =Plantilla!G33 -> mg/L CaCo3 | G34: =Plantilla!I33 -> 5
A35: =Plantilla!B34 -> ZONA CLUB MONT-ROIG | B35: =Plantilla!E34 -> 46104.358 | C35: =Plantilla!D34 -> Clor lliure | D35: =Plantilla!F34 -> 0.23 | E35: =Plantilla!G34 -> mg/L CaCo3 | G35: =Plantilla!I34 -> 1
A36: =Plantilla!B35 -> ZONA CLUB MONT-ROIG | B36: =Plantilla!E35 -> 46052.375 | C36: =Plantilla!D35 -> Duresa | D36: =Plantilla!F35 -> 220.9 | E36: =Plantilla!G35 -> mg/L CaCo3 | G36: =Plantilla!I35 -> 500
A37: =Plantilla!B36 -> ZONA CLUB MONT-ROIG | B37: =Plantilla!E36 -> 46052.375 | C37: =Plantilla!D36 -> Clorurs | D37: =Plantilla!F36 -> 34.6 | E37: =Plantilla!G36 -> mg/L CaCo3 | G37: =Plantilla!I36 -> 250
A38: =Plantilla!B37 -> ZONA CLUB MONT-ROIG | B38: =Plantilla!E37 -> 46052.375 | C38: =Plantilla!D37 -> Nitrats | D38: =Plantilla!F37 -> 37.7 | E38: =Plantilla!G37 -> mg/L CaCo3 | G38: =Plantilla!I37 -> 50
A39: =Plantilla!B38 -> ZONA BADIA-MAINOU-JARDINS-BALNEARI | B39: =Plantilla!E38 -> 46106.396 | C39: =Plantilla!D38 -> Microbiologia | D39: =Plantilla!F38 -> Correcte | E39: =Plantilla!G38 -> mg/L CaCo3
A40: =Plantilla!B39 -> ZONA BADIA-MAINOU-JARDINS-BALNEARI | B40: =Plantilla!E39 -> 46106.396 | C40: =Plantilla!D39 -> Organolèptic | D40: =Plantilla!F39 -> Correcte | E40: =Plantilla!G39 -> mg/L CaCo3
A41: =Plantilla!B40 -> ZONA BADIA-MAINOU-JARDINS-BALNEARI | B41: =Plantilla!E40 -> 46106.396 | C41: =Plantilla!D40 -> pH | D41: =Plantilla!F40 -> 7.9 | E41: =Plantilla!G40 -> mg/L CaCo3 | F41: =Plantilla!H40 -> 6.9 | G41: =Plantilla!I40 -> 9.5
A42: =Plantilla!B41 -> ZONA BADIA-MAINOU-JARDINS-BALNEARI | B42: =Plantilla!E41 -> 46106.396 | C42: =Plantilla!D41 -> Conductivitat | D42: =Plantilla!F41 -> 505 | E42: =Plantilla!G41 -> mg/L CaCo3 | G42: =Plantilla!I41 -> 2500
A43: =Plantilla!B42 -> ZONA BADIA-MAINOU-JARDINS-BALNEARI | B43: =Plantilla!E42 -> 46106.396 | C43: =Plantilla!D42 -> Terbolesa | D43: =Plantilla!F42 -> 0.67 | E43: =Plantilla!G42 -> mg/L CaCo3 | G43: =Plantilla!I42 -> 5
A44: =Plantilla!B43 -> ZONA BADIA-MAINOU-JARDINS-BALNEARI | B44: =Plantilla!E43 -> 46106.396 | C44: =Plantilla!D43 -> Clor lliure | D44: =Plantilla!F43 -> 0.60 | E44: =Plantilla!G43 -> mg/L CaCo3 | G44: =Plantilla!I43 -> 1
A45: =Plantilla!B44 -> ZONA BADIA-MAINOU-JARDINS-BALNEARI | B45: =Plantilla!E44 -> 46052.458 | C45: =Plantilla!D44 -> Duresa | D45: =Plantilla!F44 -> 198.5 | E45: =Plantilla!G44 -> mg/L CaCo3 | G45: =Plantilla!I44 -> 500
A46: =Plantilla!B45 -> ZONA BADIA-MAINOU-JARDINS-BALNEARI | B46: =Plantilla!E45 -> 46052.458 | C46: =Plantilla!D45 -> Clorurs | D46: =Plantilla!F45 -> 36.9 | E46: =Plantilla!G45 -> mg/L CaCo3 | G46: =Plantilla!I45 -> 250
A47: =Plantilla!B46 -> ZONA BADIA-MAINOU-JARDINS-BALNEARI | B47: =Plantilla!E46 -> 46052.458 | C47: =Plantilla!D46 -> Nitrats | D47: =Plantilla!F46 -> 35.1 | E47: =Plantilla!G46 -> mg/L CaCo3 | G47: =Plantilla!I46 -> 50
A48: =Plantilla!B47 -> ZONA SANT MIQUEL-RUSTICAL | B48: =Plantilla!E47 -> 46106.34 | C48: =Plantilla!D47 -> Microbiologia | D48: =Plantilla!F47 -> Correcte | E48: =Plantilla!G47 -> mg/L CaCo3
A49: =Plantilla!B48 -> ZONA SANT MIQUEL-RUSTICAL | B49: =Plantilla!E48 -> 46106.34 | C49: =Plantilla!D48 -> Organolèptic | D49: =Plantilla!F48 -> Correcte | E49: =Plantilla!G48 -> mg/L CaCo3
A50: =Plantilla!B49 -> ZONA SANT MIQUEL-RUSTICAL | B50: =Plantilla!E49 -> 46106.34 | C50: =Plantilla!D49 -> pH | D50: =Plantilla!F49 -> 7.6 | E50: =Plantilla!G49 -> mg/L CaCo3 | F50: =Plantilla!H49 -> 6.9 | G50: =Plantilla!I49 -> 9.5
A51: =Plantilla!B50 -> ZONA SANT MIQUEL-RUSTICAL | B51: =Plantilla!E50 -> 46106.34 | C51: =Plantilla!D50 -> Conductivitat | D51: =Plantilla!F50 -> 1842 | E51: =Plantilla!G50 -> mg/L CaCo3 | G51: =Plantilla!I50 -> 2500
A52: =Plantilla!B51 -> ZONA SANT MIQUEL-RUSTICAL | B52: =Plantilla!E51 -> 46106.34 | C52: =Plantilla!D51 -> Terbolesa | D52: =Plantilla!F51 -> 0.73 | E52: =Plantilla!G51 -> mg/L CaCo3 | G52: =Plantilla!I51 -> 5
A53: =Plantilla!B52 -> ZONA SANT MIQUEL-RUSTICAL | B53: =Plantilla!E52 -> 46106.34 | C53: =Plantilla!D52 -> Clor lliure | D53: =Plantilla!F52 -> 0.38 | E53: =Plantilla!G52 -> mg/L CaCo3 | G53: =Plantilla!I52 -> 1
A54: =Plantilla!B53 -> ZONA SANT MIQUEL-RUSTICAL | B54: =Plantilla!E53 -> 46077 | C54: =Plantilla!D53 -> Duresa | D54: =Plantilla!F53 -> 722.8 | E54: =Plantilla!G53 -> mg/L CaCo3 | G54: =Plantilla!I53 -> 500
A55: =Plantilla!B54 -> ZONA SANT MIQUEL-RUSTICAL | B55: =Plantilla!E54 -> 46077 | C55: =Plantilla!D54 -> Clorurs | D55: =Plantilla!F54 -> 581.29 | E55: =Plantilla!G54 -> mg/L CaCo3 | G55: =Plantilla!I54 -> 250
A56: =Plantilla!B55 -> ZONA SANT MIQUEL-RUSTICAL | B56: =Plantilla!E55 -> 46052.417 | C56: =Plantilla!D55 -> Nitrats | D56: =Plantilla!F55 -> 14.1 | E56: =Plantilla!G55 -> mg/L CaCo3 | G56: =Plantilla!I55 -> 50
A57: =Plantilla!B56 -> ZONA MASOS-GUARDAMAR-RIBERA | B57: =Plantilla!E56 -> 46106.323 | C57: =Plantilla!D56 -> Microbiologia | D57: =Plantilla!F56 -> Correcte | E57: =Plantilla!G56 -> mg/L CaCo3
A58: =Plantilla!B57 -> ZONA MASOS-GUARDAMAR-RIBERA | B58: =Plantilla!E57 -> 46106.323 | C58: =Plantilla!D57 -> Organolèptic | D58: =Plantilla!F57 -> Correcte | E58: =Plantilla!G57 -> mg/L CaCo3
A59: =Plantilla!B58 -> ZONA MASOS-GUARDAMAR-RIBERA | B59: =Plantilla!E58 -> 46106.323 | C59: =Plantilla!D58 -> pH | D59: =Plantilla!F58 -> 7.7 | E59: =Plantilla!G58 -> mg/L CaCo3 | F59: =Plantilla!H58 -> 6.9 | G59: =Plantilla!I58 -> 9.5
A60: =Plantilla!B59 -> ZONA MASOS-GUARDAMAR-RIBERA | B60: =Plantilla!E59 -> 46106.323 | C60: =Plantilla!D59 -> Conductivitat | D60: =Plantilla!F59 -> 770 | E60: =Plantilla!G59 -> mg/L CaCo3 | G60: =Plantilla!I59 -> 2500
A61: =Plantilla!B60 -> ZONA MASOS-GUARDAMAR-RIBERA | B61: =Plantilla!E60 -> 46106.323 | C61: =Plantilla!D60 -> Terbolesa | D61: =Plantilla!F60 -> < 0.20 | E61: =Plantilla!G60 -> mg/L CaCo3 | G61: =Plantilla!I60 -> 5
A62: =Plantilla!B61 -> ZONA MASOS-GUARDAMAR-RIBERA | B62: =Plantilla!E61 -> 46106.323 | C62: =Plantilla!D61 -> Clor lliure | D62: =Plantilla!F61 -> 0.50 | E62: =Plantilla!G61 -> mg/L CaCo3 | G62: =Plantilla!I61 -> 1
A63: =Plantilla!B62 -> ZONA MASOS-GUARDAMAR-RIBERA | B63: =Plantilla!E62 -> 45931 | C63: =Plantilla!D62 -> Duresa | D63: =Plantilla!F62 -> 399.5 | E63: =Plantilla!G62 -> mg/L CaCo3 | G63: =Plantilla!I62 -> 500
A64: =Plantilla!B63 -> ZONA MASOS-GUARDAMAR-RIBERA | B64: =Plantilla!E63 -> 46099 | C64: =Plantilla!D63 -> Clorurs | D64: =Plantilla!F63 -> 74.5 | E64: =Plantilla!G63 -> mg/L CaCo3 | G64: =Plantilla!I63 -> 250
A65: =Plantilla!B64 -> ZONA MASOS-GUARDAMAR-RIBERA | B65: =Plantilla!E64 -> 46099 | C65: =Plantilla!D64 -> Nitrats | D65: =Plantilla!F64 -> 18.2 | E65: =Plantilla!G64 -> mg/L CaCo3 | G65: =Plantilla!I64 -> 50
A66: =Plantilla!B65 -> ZONA PINS DE MIRAMAR | B66: =Plantilla!E65 -> 46052.431 | C66: =Plantilla!D65 -> Microbiologia | D66: =Plantilla!F65 -> Correcte | E66: =Plantilla!G65 -> mg/L CaCo3
A67: =Plantilla!B66 -> ZONA PINS DE MIRAMAR | B67: =Plantilla!E66 -> 46052.431 | C67: =Plantilla!D66 -> Organolèptic | D67: =Plantilla!F66 -> Correcte | E67: =Plantilla!G66 -> mg/L CaCo3
A68: =Plantilla!B67 -> ZONA PINS DE MIRAMAR | B68: =Plantilla!E67 -> 46052.431 | C68: =Plantilla!D67 -> pH | D68: =Plantilla!F67 -> 7.2 | E68: =Plantilla!G67 -> mg/L CaCo3 | F68: =Plantilla!H67 -> 6.9 | G68: =Plantilla!I67 -> 9.5
A69: =Plantilla!B68 -> ZONA PINS DE MIRAMAR | B69: =Plantilla!E68 -> 46052.431 | C69: =Plantilla!D68 -> Conductivitat | D69: =Plantilla!F68 -> 1847 | E69: =Plantilla!G68 -> mg/L CaCo3 | G69: =Plantilla!I68 -> 2500
A70: =Plantilla!B69 -> ZONA PINS DE MIRAMAR | B70: =Plantilla!E69 -> 46052.431 | C70: =Plantilla!D69 -> Terbolesa | D70: =Plantilla!F69 -> < 0.20 | E70: =Plantilla!G69 -> mg/L CaCo3 | G70: =Plantilla!I69 -> 5
A71: =Plantilla!B70 -> ZONA PINS DE MIRAMAR | B71: =Plantilla!E70 -> 46052.431 | C71: =Plantilla!D70 -> Clor lliure | D71: =Plantilla!F70 -> 0.40 | E71: =Plantilla!G70 -> mg/L CaCo3 | G71: =Plantilla!I70 -> 1
A72: =Plantilla!B71 -> ZONA PINS DE MIRAMAR | B72: =Plantilla!E71 -> 45931 | C72: =Plantilla!D71 -> Duresa | D72: =Plantilla!F71 -> 399.5 | E72: =Plantilla!G71 -> mg/L CaCo3 | G72: =Plantilla!I71 -> 500
A73: =Plantilla!B72 -> ZONA PINS DE MIRAMAR | B73: =Plantilla!E72 -> 46099 | C73: =Plantilla!D72 -> Clorurs | D73: =Plantilla!F72 -> 522.8 | E73: =Plantilla!G72 -> mg/L CaCo3 | G73: =Plantilla!I72 -> 250
A74: =Plantilla!B73 -> ZONA PINS DE MIRAMAR | B74: =Plantilla!E73 -> 46099 | C74: =Plantilla!D73 -> Nitrats | D74: =Plantilla!F73 -> 17.6 | E74: =Plantilla!G73 -> mg/L CaCo3 | G74: =Plantilla!I73 -> 50
A75: =Plantilla!B74 -> ZONA SOLEMIO | B75: =Plantilla!E74 -> 46106.354 | C75: =Plantilla!D74 -> Microbiologia | D75: =Plantilla!F74 -> Correcte | E75: =Plantilla!G74 -> mg/L CaCo3
A76: =Plantilla!B75 -> ZONA SOLEMIO | B76: =Plantilla!E75 -> 46106.354 | C76: =Plantilla!D75 -> Organolèptic | D76: =Plantilla!F75 -> Correcte | E76: =Plantilla!G75 -> mg/L CaCo3
A77: =Plantilla!B76 -> ZONA SOLEMIO | B77: =Plantilla!E76 -> 46106.354 | C77: =Plantilla!D76 -> pH | D77: =Plantilla!F76 -> 7.4 | E77: =Plantilla!G76 -> mg/L CaCo3 | F77: =Plantilla!H76 -> 6.9 | G77: =Plantilla!I76 -> 9.5
A78: =Plantilla!B77 -> ZONA SOLEMIO | B78: =Plantilla!E77 -> 46106.354 | C78: =Plantilla!D77 -> Conductivitat | D78: =Plantilla!F77 -> 1847 | E78: =Plantilla!G77 -> mg/L CaCo3 | G78: =Plantilla!I77 -> 2500
A79: =Plantilla!B78 -> ZONA SOLEMIO | B79: =Plantilla!E78 -> 46106.354 | C79: =Plantilla!D78 -> Terbolesa | D79: =Plantilla!F78 -> < 0.20 | E79: =Plantilla!G78 -> mg/L CaCo3 | G79: =Plantilla!I78 -> 5
A80: =Plantilla!B79 -> ZONA SOLEMIO | B80: =Plantilla!E79 -> 46106.354 | C80: =Plantilla!D79 -> Clor lliure | D80: =Plantilla!F79 -> 0.48 | E80: =Plantilla!G79 -> mg/L CaCo3 | G80: =Plantilla!I79 -> 1
A81: =Plantilla!B80 -> ZONA SOLEMIO | B81: =Plantilla!E80 -> 46076.354 | C81: =Plantilla!D80 -> Duresa | D81: =Plantilla!F80 -> 601.8 | E81: =Plantilla!G80 -> mg/L CaCo3 | G81: =Plantilla!I80 -> 500
A82: =Plantilla!B81 -> ZONA SOLEMIO | B82: =Plantilla!E81 -> 46076.354 | C82: =Plantilla!D81 -> Clorurs | D82: =Plantilla!F81 -> 471.33 | E82: =Plantilla!G81 -> mg/L CaCo3 | G82: =Plantilla!I81 -> 250
A83: =Plantilla!B82 -> ZONA SOLEMIO | B83: =Plantilla!E82 -> 46076.354 | C83: =Plantilla!D82 -> Nitrats | D83: =Plantilla!F82 -> 26.95 | E83: =Plantilla!G82 -> mg/L CaCo3 | G83: =Plantilla!I82 -> 50
A84: =Plantilla!B83 -> ZONA MIAMI PLATJA | B84: =Plantilla!E83 -> 46106.375 | C84: =Plantilla!D83 -> Microbiologia | D84: =Plantilla!F83 -> Correcte | E84: =Plantilla!G83 -> mg/L CaCo3
A85: =Plantilla!B84 -> ZONA MIAMI PLATJA | B85: =Plantilla!E84 -> 46106.375 | C85: =Plantilla!D84 -> Organolèptic | D85: =Plantilla!F84 -> Correcte | E85: =Plantilla!G84 -> mg/L CaCo3
A86: =Plantilla!B85 -> ZONA MIAMI PLATJA | B86: =Plantilla!E85 -> 46106.375 | C86: =Plantilla!D85 -> pH | D86: =Plantilla!F85 -> 7.7 | E86: =Plantilla!G85 -> mg/L CaCo3 | F86: =Plantilla!H85 -> 6.9 | G86: =Plantilla!I85 -> 9.5
A87: =Plantilla!B86 -> ZONA MIAMI PLATJA | B87: =Plantilla!E86 -> 46106.375 | C87: =Plantilla!D86 -> Conductivitat | D87: =Plantilla!F86 -> 343 | E87: =Plantilla!G86 -> mg/L CaCo3 | G87: =Plantilla!I86 -> 2500
A88: =Plantilla!B87 -> ZONA MIAMI PLATJA | B88: =Plantilla!E87 -> 46106.375 | C88: =Plantilla!D87 -> Terbolesa | D88: =Plantilla!F87 -> < 0.20 | E88: =Plantilla!G87 -> mg/L CaCo3 | G88: =Plantilla!I87 -> 5
A89: =Plantilla!B88 -> ZONA MIAMI PLATJA | B89: =Plantilla!E88 -> 46106.375 | C89: =Plantilla!D88 -> Clor lliure | D89: =Plantilla!F88 -> 0.42 | E89: =Plantilla!G88 -> mg/L CaCo3 | G89: =Plantilla!I88 -> 1
A90: =Plantilla!B89 -> ZONA MIAMI PLATJA | B90: =Plantilla!E89 -> 46076.444 | C90: =Plantilla!D89 -> Duresa | D90: =Plantilla!F89 -> 674.9 | E90: =Plantilla!G89 -> mg/L CaCo3 | G90: =Plantilla!I89 -> 500
A91: =Plantilla!B90 -> ZONA MIAMI PLATJA | B91: =Plantilla!E90 -> 46076.444 | C91: =Plantilla!D90 -> Clorurs | D91: =Plantilla!F90 -> 646.06 | E91: =Plantilla!G90 -> mg/L CaCo3 | G91: =Plantilla!I90 -> 250
A92: =Plantilla!B91 -> ZONA MIAMI PLATJA | B92: =Plantilla!E91 -> 46076.444 | C92: =Plantilla!D91 -> Nitrats | D92: =Plantilla!F91 -> 21.18 | E92: =Plantilla!G91 -> mg/L CaCo3 | G92: =Plantilla!I91 -> 50
A93: =Plantilla!B92 -> ZONA COSTA ZÈFIR | B93: =Plantilla!E92 -> 46071.351 | C93: =Plantilla!D92 -> Microbiologia | D93: =Plantilla!F92 -> Correcte | E93: =Plantilla!G92 -> mg/L CaCo3
A94: =Plantilla!B93 -> ZONA COSTA ZÈFIR | B94: =Plantilla!E93 -> 46071.351 | C94: =Plantilla!D93 -> Organolèptic | D94: =Plantilla!F93 -> Correcte | E94: =Plantilla!G93 -> mg/L CaCo3
A95: =Plantilla!B94 -> ZONA COSTA ZÈFIR | B95: =Plantilla!E94 -> 46071.351 | C95: =Plantilla!D94 -> pH | D95: =Plantilla!F94 -> 7.7 | E95: =Plantilla!G94 -> mg/L CaCo3 | F95: =Plantilla!H94 -> 6.9 | G95: =Plantilla!I94 -> 9.5
A96: =Plantilla!B95 -> ZONA COSTA ZÈFIR | B96: =Plantilla!E95 -> 46071.351 | C96: =Plantilla!D95 -> Conductivitat | D96: =Plantilla!F95 -> 1696 | E96: =Plantilla!G95 -> mg/L CaCo3 | G96: =Plantilla!I95 -> 2500
A97: =Plantilla!B96 -> ZONA COSTA ZÈFIR | B97: =Plantilla!E96 -> 46071.351 | C97: =Plantilla!D96 -> Terbolesa | D97: =Plantilla!F96 -> < 0.20 | E97: =Plantilla!G96 -> mg/L CaCo3 | G97: =Plantilla!I96 -> 5
A98: =Plantilla!B97 -> ZONA COSTA ZÈFIR | B98: =Plantilla!E97 -> 46071.351 | C98: =Plantilla!D97 -> Clor lliure | D98: =Plantilla!F97 -> 0.45 | E98: =Plantilla!G97 -> mg/L CaCo3 | G98: =Plantilla!I97 -> 1
A99: =Plantilla!B98 -> ZONA COSTA ZÈFIR | B99: =Plantilla!E98 -> 45929 | C99: =Plantilla!D98 -> Duresa | D99: =Plantilla!F98 -> 622.0 | E99: =Plantilla!G98 -> mg/L CaCo3 | G99: =Plantilla!I98 -> 500
A100: =Plantilla!B99 -> ZONA COSTA ZÈFIR | B100: =Plantilla!E99 -> 46099 | C100: =Plantilla!D99 -> Clorurs | D100: =Plantilla!F99 -> 390.3 | E100: =Plantilla!G99 -> mg/L CaCo3 | G100: =Plantilla!I99 -> 250
A101: =Plantilla!B100 -> ZONA COSTA ZÈFIR | B101: =Plantilla!E100 -> 46099 | C101: =Plantilla!D100 -> Nitrats | D101: =Plantilla!F100 -> 9.7 | E101: =Plantilla!G100 -> mg/L CaCo3 | G101: =Plantilla!I100 -> 50
...

Sheet Catalogos
A1: Zona oficial | B1: Paràmetre | C1: Tipus punt | D1: Ordre prioritat | F1: Paràmetre | G1: Unitat suggerida | H1: Límit mínim | I1: Límit màxim
A2: ZONA PEIRÓ | B2: Microbiologia | C2: Xarxa | D2: 1 | F2: Microbiologia | G2: Correcte / Incorrecte
A3: ZONA CREUS | B3: Organolèptic | C3: Dipòsit | D3: 2 | F3: Organolèptic | G3: Correcte / Incorrecte
A4: ZONA ERMITA | B4: pH | C4: Pou | D4: 3 | F4: pH | G4: unit pH | H4: 6.9 | I4: 9.5
A5: ZONA CLUB MONT-ROIG | B5: Conductivitat | C5: Altre | D5: 4 | F5: Conductivitat | G5: µS/cm | I5: 2500
A6: ZONA BADIA-MAINOU-JARDINS-BALNEARI | B6: Terbolesa | F6: Terbolesa | G6: NTU | I6: 5
A7: ZONA SANT MIQUEL-RUSTICAL | B7: Clor lliure | F7: Clor lliure | G7: mg/L | I7: 1
A8: ZONA MASOS-GUARDAMAR-RIBERA | B8: Duresa | F8: Duresa | G8: mg/L CaCo3 | I8: 500
A9: ZONA PINS DE MIRAMAR | B9: Clorurs | F9: Clorurs | G9: mg/L | I9: 250
A10: ZONA SOLEMIO | B10: Nitrats | F10: Nitrats | G10: mg/L | I10: 50
A11: ZONA MIAMI PLATJA
A12: ZONA COSTA ZÈFIR
A13: ZONA ROMA
A14: ZONA RANXOS
A15: ZONA BONMONT
A16: ZONA VIA MARINA
